d,Btw, I personall
s + Dup,say
s + RH_Thumb_1_Center,speed
y + b,by
y + Dup,why
y + p,python
y + s + Dup,system
n + Dup,no
n + f,find
n + y + s,sync
Tab,
l + f,life
l + p,people
l + s,ls -al
l + s + p,spell
l + y,ly
l + y + f,fly
l + n,line
l + n + p,plant
t,I really appreciate your input
t + h,that
t + s + b,stable
t + s + Dup,status
t + s + f,fast
t + s + p,spot
t + y + p,type
t + n + h,than
t + n + p,plant
t + l + f,left
a + b,bad
a + b + b,qa
a + f,after
a + d,add
a + d + f,had
a + h,has
a + h + Dup,adapt
a + h + f,happen
a + RH_Thumb_1_Center,adapt
a + s,say
a + s + b,absolute
a + s + Dup,assume
a + s + d,sad
a + s + h,has
a + s + p,past
a + RCK + s + d,daily
a + y + b,baby
a + y + d,day
a + y + p,pay
a + y + s,say
a + n,any
a + n + b,anybody
a + n + f,afternoon
a + n + d,and
a + n + d + f,hand
a + n + h,hand
a + n + p,plan
a + n + y,any
a + j + d,adjust
a + l,all
a + l + b,able
a + l + Dup,alarm
a + l + RH_Thumb_2_Center,balancer
a + l + f,fall
a + l + d,land
a + l + h,half
a + l + p,plan
a + l + s,last
a + l + s + h,shall
a + l + y,lay
a + l + y + p,play
a + l + n,language
a + l + n + d,land
a + l + n + p,plan
a + t,at
a + t + b,table
a + t + Dup,attach
a + t + d,data
a + t + h,that
a + t + p,path
a + t + s,stay
a + t + s + Dup,status
a + t + s + d,database
a + t + n,anything
a + t + n + h,than
a + t + n + s,stand
a + t + n + s + Dup,standard
a + t + l,last
a + t + l + s,last
a + t + l + n + p,plant
- + ?,question
w + h,who
w + RH_Thumb_1_Center,pwd
w + s,saw
w + y + h,why
w + t,without
w + t + b,btw
w + t + h,watch
w + t + n,went
w + a,was
w + a + f,afterwards
w + a + h,what
w + a + s,aws
w + a + s + p,password
w + a + y,way
w + a + y + Dup,away
w + a + n,want
w + a + n + h,anywhere
w + a + l + f,walk
w + a + l + y,always
w + a + l + y + s,always
w + a + t,watch
w + a + t + d,database
w + a + t + h,watch
w + a + t + s,waste
w + a + t + n,want
g + b,begin
g + Dup,question
g + h,here
g + p,page
g + l,long
g + l + n,long
g + t,get
g + t + s,stage
g + a + Dup,aggregate
g + a + d,address
g + a + p,gap
g + a + s + p,pass
g + a + n + h,hang
g + a + l,glad
g + a + l + f,flag
g + a + l + p,apply
g + a + t,gateway
g + a + t + s,stage
z + a + l,lazy
k + q,quick
k + f,and
k + l + h,hal
k + l + y + q,quickly
k + t + n + h,thank
k + t + l,talk
k + a + b,back
k + a + s,ask
k + a + l + b,backlog
k + a + t + s,task
k + a + t + l,talk
k + w + a + l,walk
v + s,vs
v + a + Dup,available
v + a + s,save
v + a + l,value
m + f,form
m + y,my
m + y + s,myself
m + t + Dup,mountain
m + t + n,month
m + a,am
m + a + Dup,amazing
m + a + f,family
m + a + d,administrator
m + a + p,map
m + a + s,small
m + a + y,may
m + a + y + b,maybe
m + a + n,many
m + a + n + Dup,manage
m + a + n + Dup + b,management
m + a + n + y,many
m + a + l,mlaas
m + a + l + b,lambda
m + a + l + s,small
m + a + l + s + Dup,small
m + a + t,matter
m + a + t + h,math
m + g + a,game
m + c + a,machine
c,ec
c + b,because
c + Dup,sea
c + d,cd
c + h,head
c + a + b,cab
c + a + Dup,acceleration
c + a + f,fact
c + a + h,chat
c + a + p,capital
c + a + s,case
c + a + s + Dup,access
c + a + s + p,space
c + a + n,can
c + a + n + Dup,cannot
c + a + n + d,dance
c + a + n + h,change
c + a + l,call
c + a + l + b,balancer
c + a + l + p,place
c + a + l + s,scale
c + a + t,actually
c + a + t + b,batch
c + a + t + Dup,catalog
c + a + t + s,stackoverflow
c + k + a + b,back
c + k + a + p,package
LAT, 
LAT + k + k + a,machine
LSK,wow
u + f + b,buffer
u + p,up
u + RH_Thumb_1_Center,update
u + s,us
u + s + b,business
u + s + d,sudo
u + s + h,shut
u + s + p,support
u + s + RH_Thumb_1_Center,push
u + y,you
u + y + b,buy
u + n + f,function
u + n + s,sun
u + n + s + b,subnet
u + j,just
u + j + d,judge
u + j + s,just
u + l + f,full
u + l + p,pull
u + l + RH_Thumb_1_Center,upload
u + l + s + p,plus
u + t + b,but
u + t + f,future
u + t + h,thumb
u + t + p,put
u + t + s,stuff
u + t + s + d,study
u + t + n,until
u + t + j + s,just
u + a + q,quality
u + a + l,last
u + a + l + p,plausible
u + a + t,automatically
u + g + b,bug
u + g + p,upgrade
u + g + RH_Thumb_1_Center,upgrade
u + g + s,suggest
u + g + y,guy
u + g + l + p,plugin
u + g + t + b,button
u + k + q,quick
u + k + l + y + q,quickly
u + m + h,much
u + m + s,muscle
u + m + y,yum
u + m + n,number
u + m + l,multiple
u + m + t + h,thumb
u + m + t + s,must
u + m + a + h,human
u + m + a + n,manual
u + c + b,bucket
u + c + p,cpu
u + c + s,successful
u + c + s + h,such
u + c + l,cluster
u + c + t,cut
u + c + t + s,stuck
u + c + t + n,country
u + c + a + s,cause
u + c + a + l,launch
u + LAT + k + k + h,much
' + a + s,as
' + a + n,an
' + a + n + b,anybody
' + a + n + x + b,anybodey
' + a + n + h,anything
' + m + a + n,anymore
o + b,body
o + Dup,off
o + f,of
o + f + f,food
o + d,do
o + h,oh
o + h + f,hope
o + RH_Thumb_1_Center,food
o + s,so
o + s + h,host
o + s + p,ops
o + y + b,boy
o + n,on
o + n + b,nobody
o + n + Dup,none
o + n + d,don't
o + n + h,honest
o + n + s,son
o + n + s + Dup,soon
o + n + s + p,post
o + j + b,job
o + j + s,json
o + l,line
o + l + b,bold
o + l + Dup,oil
o + l + f,flow
o + l + d,old
o + l + h,hold
o + l + s,slow
o + l + y,only
o + l + n,online
o + l + n + y,only
o + t,to
o + t + b,both
o + t + Dup,too
o + t + d,today
o + t + h,other
o + t + p,option
o + t + s,stop
o + t + s + p,stop
o + t + n,not
o + t + n + f,often
o + t + n + d,don't
o + t + n + h,nothing
o + t + n + p,point
o + t + l,lot
o + t + l + Dup,total
o + t + l + d,told
o + a + p,appointment
o + a + n,anyone
o + a + n + h,another
o + a + l,also
o + a + l + Dup,allow
o + a + l + d,load
o + a + l + s,also
o + a + l + y,layout
o + w,own
o + w + Dup,wow
o + w + h,how
o + w + p,power
o + w + s + h,show
o + w + n,now
o + w + n + d,down
o + w + n + h,nowhere
o + w + l,low
o + w + l + f,follow
o + w + l + d,cold
o + w + l + h,whole
o + w + t,two
o + w + t + h,otherwise
o + w + t + n + d,downtime
o + w + a + n,woman
o + g,go
o + g + Dup,good
o + g + d,god
o + g + n,gone
o + g + n + Dup,ongo
o + g + n + s,song
o + g + l,log
o + g + l + Dup,google
o + g + l + d,gold
o + g + l + s,logs
o + g + l + n,long
o + g + t,got
o + g + a,ago
o + g + a + l,along
o + g + a + l + n,along
o + k,okay
o + k + b,book
o + k + n,know
o + k + l,look
o + k + l + d,cold
o + k + l + n,knowledge
o + k + t,took
o + k + t + Dup,took
o + k + w + n,know
o + v + l,love
o + v + l + s,solve
o + v + a,avoid
o + v + a + b,above
o + v + k,move
o + m + b,mobile
o + m + Dup,moment
o + m + d,doom
o + m + h,home
o + m + p,import
o + m + s,some
o + m + n,month
o + m + l + p,complain
o + m + t,tomorrow
o + m + t + s,most
o + m + a + d,domain
o + m + a + n,anymore
o + m + a + l,almost
o + m + a + l + s,almost
o + m + a + t + l + s,almost
o + c,clojure
o + c + Dup,occure
o + c + f,food
o + c + d,code
o + c + h,choice
o + c + p,cope
o + c + y + p,copy
o + c + n,continue
o + c + n + q,conquer
o + c + n + Dup,connection
o + c + n + f,configure
o + c + n + s,console
o + c + l,locate
o + c + l + b,block
o + c + l + Dup,cool
o + c + l + d,cold
o + c + l + s + h,school
o + c + l + n,clone
o + c + l + n + f,confluence
o + c + t,octobre
o + c + t + n,container
o + c + a + Dup,account
o + c + a + d,domain
o + c + a + l,local
o + c + k + d,docker
o + LH_Thumb_1_Center + b,bookmark
o + LH_Thumb_1_Center + n,convenient
o + LAT + k + k,complicated
o + LAT + k + k + b,combination
o + LAT + k + k + Dup,communication
o + LAT + k + k + f,comfortable
o + u,our
o + u + f,four
o + u + d,doubt
o + u + h,hour
o + u + s + h,should
o + u + s + p,suppose
o + u + y,you
o + u + n + f,found
o + u + n + f + f,found
o + u + n + s,sound
o + u + n + s + d,sound
o + u + l + d,cloud
o + u + l + p,upload
o + u + l + s,solution
o + u + l + s + d + f,should
o + u + l + s + h,should
o + u + t,out
o + u + t + b,button
o + u + t + h,though
o + u + t + p,output
o + u + t + y,youtube
o + u + a + b,about
o + u + a + t,auto
o + u + a + t + b,about
o + u + w + l + d,would
o + u + g + n + y,young
o + u + g + t + h,thought
o + u + m + s,mouse
o + u + m + t + n,mountain
o + u + m + t + n + Dup,mountain
o + u + c,course
o + u + c + d,documentation
o + u + c + n,count
o + u + c + n + f,confuse
o + u + c + l,cloud
o + u + c + l + f,cloudfront
o + u + c + l + d,could
o + u + c + t + s,custom
o + ' + b,body
o + ' + u + a + n,anyone
o + o + f,official
o + o + p,opinion
o + o + s + p,possible
o + o + n + f,information
o + o + j,join
o + o + l,logic
o + o + t + s + p,position
o + o + t + n,tonight
o + o + t + n + p,point
o + o + w + n + d,window
o + o + g,regard
o + o + g + l,logic
o + o + k + l,collision
o + o + m + n,monitor
o + o + m + n + d,mind
o + o + c + d,codebuild
o + o + c + s,discover
o + o + c + s + d,discord
o + o + c + n,incorrect
o + o + c + n + s,consider
o + o + c + l,collision
o + o + c + t + n + s,consist
o + o + u + w + t + h,without
o + o + u + m + a + t + n,mountain
i + x,fix
i + f,if
i + f + f,different
i + d,did
i + h,hi
i + RH_Thumb_1_Center,different
i + s,is
i + s + Dup,issue
i + s + d,side
i + s + h,his
i + s + RH_Thumb_1_Center,shift
i + n,in
i + n + Dup,init
i + n + f,fine
i + n + f + f,find
i + n + d,indeed
i + n + h,hint
i + n + p,input
i + n + s,since
i + n + s + Dup,insight
i + n + s + f,finish
i + n + s + p,inspire
i + l,list
i + l + b,library
i + l + f,file
i + l + f + f,definetely
i + l + p,please
i + l + s,listen
i + l + n,linux
i + l + n + f,filename
i + t,it
i + t + b, bit
i + t + f,fit
i + t + f + f,definetely
i + t + h,hit
i + t + s,it's
i + t + s + Dup,still
i + t + s + x,exist
i + t + s + d,distribute
i + t + s + h,this
i + t + s + RH_Thumb_1_Center,shift
i + t + n,into
i + t + n + s,instead
i + t + n + s + Dup,instance
i + t + Tab + n + f + f,filter
i + t + l + f,filter
i + t + l + s,list
i + t + l + s + Dup,still
i + a + f,fair
i + a + d,diagonal
i + a + s,said
i + a + s + b,basic
i + a + s + Dup,assign
i + a + s + d,said
i + a + n,animal
i + a + n + f,finally
i + a + l + f,fail
i + a + l + d,dalio
i + a + l + p,application
i + w + f,wife
i + w + h,which
i + w + h + Dup,which
i + w + s,switch
i + w + s + h,wish
i + w + n,win
i + w + n + d,wind
i + w + l,will
i + w + l + Dup,will
i + w + l + h,while
i + w + t,wait
i + w + t + h,with
i + w + t + n + h,within
i + w + a,wait
i + g,give
i + g + b,big
i + g + h,high
i + g + s,sign
i + g + n + f,finger
i + g + n + h,night
i + g + n + p,ping
i + g + l + h,light
i + g + t,git
i + g + t + s,sing
i + g + t + n + h,thing
i + g + t + l + h,light
i + g + a + s,assignment
i + g + a + n,again
i + g + a + n + Dup,again
i + z + s,size
i + k + p,pkill
i + k + s,skip
i + k + s + d,disk
i + k + n + d,kind
i + k + l,like
i + k + l + n,link
i + k + t + n + h,think
i + v + d,video
i + v + n,invite
i + v + l,live
i + v + a,via
i + v + a + d,advise
i + v + a + s + d,disadvantage
i + v + a + l,valid
i + m + Dup,immediately
i + m + x,mix
i + m + d,middle
i + m + h,him
i + m + p,important
i + m + s,miss
i + m + s + Dup,miss
i + m + s + p,impossible
i + m + y + Dup,similar
i + m + n,mine 
i + m + n + d,mind
i + m + n + h,mind
i + m + l,mile
i + m + l + s + p,simple
i + m + l + y,mail
i + m + t,time
i + m + t + Dup,mitigate
i + m + t + h,might
i + m + t + s,mistake
i + m + t + l,timeline
i + m + a,image
i + m + a + p,impatient
i + m + a + s,search
i + m + a + n,animal
i + m + a + n + Dup,animal
i + m + a + l,mail
i + m + a + l + n,another
i + m + g + t + h,might
i + m + c + l + Dup,collision
i + c + f + f,difference
i + c + h,china
i + c + p,picture
i + c + s,sickness
i + c + s + d,discussion
i + c + n,nice
i + c + n + Dup,incident
i + c + l,include
i + c + l + Dup,click
i + c + t,ticket
i + c + t + p,topic
i + c + t + s,stick
i + c + t + y,city
i + c + t + n + s,instance
i + c + a + Dup,accident
i + c + a + h,achieve
i + c + a + l + p,application
i + c + a + t,activate
i + c + a + t + Dup,tactic
i + c + k + f,difference
i + LH_Thumb_1_Center + a + t,active
i + LAT + k + k + f,comfortable
i + u + b,build
i + u + s + b,business
i + u + n + d,indulge
i + u + t + b,bitbucket
i + u + t + l + n,until
i + u + w + t + h,without
i + u + k + q,quick
i + u + k + l + y + q,quickly
i + u + m + Dup,minute
i + u + m + h,minute
i + u + m + p,impulse
i + u + m + n,minute
i + u + c + s + d,discussion
i + u + c + k + q,quick
i + u + c + k + l + y + q,quickly
i + u + u + b,build
i + u + u + q,quit
i + u + u + k + q,quick
i + u + u + m + h + f,impulse
e,
e + b,be
e + q,equal
e + Dup,earth
e + Dup + b,experience
e + x,example
e + f + b,before
e + f + f,define
e + h,he
e + h + Dup,here
e + h + f,phenomenon
e + RH_Thumb_1_Center,deep
e + s,state
e + s + Dup,see
e + s + d,describe
e + s + h,she
e + s + p,speak
e + s + RH_Thumb_1_Center,speed
e + y,yes
e + y + Dup,eye
e + y + h,hey
e + y + s,yesterday
e + n,name
e + n + b,been
e + n + Dup,need
e + n + x,expensive
e + n + d,end
e + n + p,pen
e + n + RH_Thumb_1_Center,depend
e + n + s + Dup,seen
e + n + s + d,send
e + n + y + s + p,present
e + n + n,enjoy
e + l,else
e + l + b,believe
e + l + x,explore
e + l + f,feel
e + l + d,delete
e + l + h,help
e + l + h + f,help
e + l + p,please
e + l + RH_Thumb_1_Center,deploy
e + l + s,less
e + l + s + Dup,sell
e + l + s + h,shell
e + l + s + p,spell
e + t,the
e + t + b,bet
e + t + Dup,eat
e + t + Dup + b,text
e + t + x,text
e + t + f,feet
e + t + d,determine
e + t + h,there
e + t + s,set
e + t + s + b,best
e + t + s + Dup,test
e + t + s + h,these
e + t + s + p,step
e + t + y,yet
e + t + y + h,they
e + t + y + p,typ
e + t + n,ten
e + t + n + x,next
e + t + n + h,then
e + t + l,let
e + t + l + Dup,tell
e + t + l + f,left
e + a,at
e + a + b,beautiful
e + a + x,exactly
e + a + f,father
e + a + f + f,feedback
e + a + d,dear
e + a + d + f,head
e + a + h,hear
e + a + p,paper
e + a + RH_Thumb_1_Center,department
e + a + s,easy
e + a + s + p,paste
e + a + y,year
e + a + y + h,yeah
e + a + y + s,easy
e + a + n,name
e + a + l,least
e + a + l + b,lable
e + a + l + x,explain
e + a + l + d,lead
e + a + l + h,health
e + a + l + s,elastic
e + a + l + y,early
e + a + t,eat
e + a + t + f,feature
e + a + t + d,detail
e + a + t + p,pattern
e + a + t + s + Dup,state
e + a + t + n,neat
e + w,we
e + w + b,web
e + w + Dup,week
e + w + f,few
e + w + h,whether
e + w + s,sew
e + w + s + b,webserver
e + w + n,new
e + w + n + Dup,newest
e + w + n + h,when
e + w + l,well
e + w + l + Dup,well
e + w + t,w
e + w + t + b,between
e + w + t + h,whether
e + w + t + n,went
e + w + t + n + b,between
e + w + a,weak
e + w + a + s,awesome
e + g + x,execute
e + g + f,effective
e + g + h,here
e + g + n,general
e + g + n + b,benefit
e + g + n + s + Dup,sense
e + g + l + n,english
e + g + t,get
e + g + a,age
e + g + a + p,page
e + g + a + n,engage
e + g + a + n + b,began
e + k,keep
e + k + b,keyboard
e + k + p,keep
e + k + y,key
e + k + y + b,keyboard
e + k + t,take
e + k + a + t,take
e + k + w,week
e + v + Dup,ever
e + v + d,developer
e + v + y,every
e + v + y + b,everybody
e + v + n,even
e + v + l,level
e + v + t + y,everything
e + v + a,average
e + v + a + h,have
e + v + a + s,save
e + v + a + y + h,heavy
e + v + a + l,leave
e + v + a + l + Dup,leave
e + m,me
e + m + Dup,memory
e + m + s,seem
e + m + s + Dup,seem
e + m + n,men
e + m + l + RH_Thumb_1_Center,deployment
e + m + t,met
e + m + t + Dup,meet
e + m + t + h,them
e + m + t + p,tempted
e + m + t + s,steam
e + m + t + n,mention
e + m + t + l + p,template
e + m + a,make
e + m + a + d,made
e + m + a + s,same
e + m + a + s + Dup,message
e + m + a + n,mean
e + m + a + n + Dup,management
e + m + a + l,email
e + m + a + l + p,template
e + m + a + l + p + x,example
e + m + a + t,team
e + c,ec2
e + c + Dup,accept
e + c + x,except
e + c + h,check
e + c + p,expect
e + c + s,second
e + c + s + h,schema
e + c + s + p,special
e + c + n,encryption
e + c + n + h,chentry
e + c + l,clean
e + c + l + s + Dup,select
e + c + t,etc.
e + c + t + h,technical
e + c + t + n,central
e + c + t + n + s,sentence
e + c + a,came
e + c + a + Dup,accept
e + c + a + x,exchange
e + c + a + f,face
e + c + a + d,deactivate
e + c + a + h,each
e + c + a + s,emacs
e + c + a + s + Dup,access
e + c + a + s + p,escape
e + c + a + n + h,chance
e + c + a + l,clear
e + c + a + l + p,place
e + c + a + l + n + h,channel
e + c + a + t,action
e + c + a + t + f,affect
e + c + k,ck
e + LH_Thumb_1_Center,check
e + LH_Thumb_1_Center + a,make
e + LAT + k + k + t + n,mention
e + LAT + k + k + a,emacs
e + u + q,query
e + u + s,use
e + u + s + q,question
e + u + n + d,under
e + u + n + s + d,understand
e + u + t + b,button
e + u + t + q,quite
e + u + g,guess
e + u + v + a + l,evaluate
e + u + c + n,encourage
e + u + c + a + s + b,because
e + o + x,export
e + o + f,offense
e + o + p,open
e + o + s + Dup,session
e + o + s + d,does
e + o + s + p,pose
e + o + n,one
e + o + n + d,done
e + o + n + p,open
e + o + j + b,objection
e + o + l + b,below
e + o + l + h,hello
e + o + l + h + Dup,hello
e + o + l + p,people
e + o + t + b,bother
e + o + t + f,often
e + o + t + h,hotel
e + o + t + s + h,those
e + o + t + y + h,theory
e + o + t + n + f,often
e + o + w + h,however
e + o + w + s + h,somewhere
e + o + w + n + d,wonder
e + o + w + l + b,below
e + o + w + t + n,network
e + o + g + t + h,together
e + o + v,over
e + o + v + y,everyone
e + o + v + l,evolution
e + o + v + l + b,belove
e + o + v + a + b,above
e + o + v + k,move
e + o + m,move
e + o + m + d,mode
e + o + m + h,home
e + o + m + s,some
e + o + m + s + b,somebody
e + o + m + s + d,someday
e + o + m + s + h,somehow
e + o + m + n,money
e + o + m + n + d,dimension
e + o + m + n + s,someone
e + o + m + l + d,model
e + o + m + t,money
e + o + m + t + h,method
e + o + m + t + s,sometime
e + o + m + t + s + h,something
e + o + m + g + t + n + s + h,something
e + o + c,come
e + o + c + b,become
e + o + c + d,codedeploy
e + o + c + h,checkout
e + o + c + n,once
e + o + c + n + Dup,concern
e + o + c + n + p,concept
e + o + c + n + s + d,second
e + o + c + l + Dup,collect
e + o + c + l + s,close
e + o + c + t + n,contemplate
e + o + c + t + n + Dup,content
e + o + c + t + n + x,context
e + o + c + a + t,category
e + o + LH_Thumb_1_Center + n,conversation
e + o + LAT + k + k,come
e + o + u + s + h,house
e + o + u + n,enough
e + o + u + g + n + h,enough
e + o + u + c + n,encourage
e + i + x,exist
e + i + f,field
e + i + f + f,definition
e + i + s + Dup,session
e + i + s + d,side
e + i + n,neither
e + i + n + s,insert
e + i + l + f,life
e + i + l + d,deliberate
e + i + l + n,line
e + i + t + q,quite
e + i + t + x,exit
e + i + t + h,either
e + i + t + s,estimation
e + i + t + s + Dup,setting
e + i + t + n,intention
e + i + t + n + Dup,intention
e + i + t + n + s,install
e + i + t + l,little
e + i + t + l + Dup,little
e + i + t + l + y,itself
e + i + a + d,idea
e + i + w,weird
e + i + w + l + h,while
e + i + w + t + h,white
e + i + g,give
e + i + g + p,give
e + i + g + s + d,design
e + i + g + n + b,begin
e + i + k + l,like
e + i + v + n,environment
e + i + v + n + s,investigate
e + i + v + l,live
e + i + m + n + d,dimension
e + i + m + l,mile
e + i + m + t,time
e + i + m + a,email
e + i + m + a + l,email
e + i + c + x,excite
e + i + c + s + p,specific
e + i + c + t + n,notice
e + i + u + t + q,quite
e + i + u + u + t + n + s + q,question
r + e + q,request
r + e + Dup,error
r + e + f,free
r + e + d,derive
r + e + p,prefer
r + e + p + f,performance
r + e + s,service
r + e + s + p,press
r + e + n + s + p,present
r + e + l,relate
r + e + l + p,prelive
r + e + t,terraform
r + e + t + h,three
r + e + a,read
r + e + a + f,fear
r + e + a + s,reason
r + e + g,greetings
r + e + g + f,refer
r + e + g + h,german
r + e + g + p,prepare
r + e + g + a,agree
r + e + g + a + d,regards
r + e + g + a + p,parallel
r + e + g + a + t,target
r + e + v,version
r + e + v + p,previous
r + e + v + s,service
r + e + m,remember
r + e + m + p,permission
r + e + m + a + p,permanent
r + e + c,create
r + e + c + s,secret
r + e + c + t,certain
r + e + o + p,properly
r + e + o + s,resource
r + e + o + n + s + p,person
r + e + o + t + h,theory
r + e + o + g + p,progress
r + e + o + g + s + p,progress
r + e + o + c,core
r + e + o + c + Dup,correspond
r + e + i + a + l,reality
r + e + i + c + Dup,receive
r + f,for
r + h,her
r + s,respond
r + s + Dup,pass
r + s + d,rds
r + s + p,sprint
r + y,your
r + n,near
r + l,relate
r + l + h,half
r + t + b,better
r + t + Dup,tree
r + t + f,father
r + t + p,pretty
r + t + s,story
r + t + s + Dup,start
r + t + y,try
r + t + l,letter
r + t + l + Dup,letter
r + a,are
r + a + b,brain
r + a + Dup,rare
r + a + f,far
r + a + d,ready
r + a + d + f,hard
r + a + h,hard
r + a + p,part
r + a + s,reason
r + a + s + h,share
r + a + y,ray
r + a + y + p,party
r + a + n + b,branch
r + a + n + p,partner
r + a + l,already
r + a + l + b,label
r + a + l + d,already
r + a + l + y,really
r + a + l + y + Dup,really
r + a + t,translate
r + a + t + f,traffic
r + a + t + h,rather
r + a + t + p,part
r + a + t + s + Dup,start
r + a + t + n,train
r + w,were
r + w + Dup,aware
r + w + h,where
r + w + t,water
r + w + a,warn
r + w + a + n + s,answer
r + g + p,GRP
r + g + t,great
r + g + a,argument
r + g + a + f,fargate
r + g + a + l,large
r + g + a + t,target
r + v + Dup,ever
r + v + y,very
r + v + n,never
r + v + l,later
r + v + a,variable
r + v + a + b,brave
r + v + k + Dup,ever
r + m + f,form
r + m + t,term
r + m + a,market
r + m + a + p,parameter
r + m + a + s,smart
r + c,recent
r + c + Dup,current
r + c + h,chrome
r + c + s,screen
r + c + s + Dup,screenshot
r + c + n + Dup,recent
r + c + l + h,children
r + c + a,car
r + c + a + Dup,care
r + c + a + h,character
r + c + a + p,practice
r + c + a + s,search
r + c + a + y,carry
r + c + a + y + Dup,carry
r + c + a + l,clarify
r + c + a + t,track
r + u + f,further
r + u + d,during
r + u + h,hour
r + u + p,purpose
r + u + s,sure
r + u + s + f,surf
r + u + s + p,spurring
r + u + n,run
r + u + n + s,unsure
r + u + l,rule
r + u + t,truth
r + u + t + h,through
r + u + t + s,trust
r + u + t + n,turn
r + u + g,urgent
r + u + c,curious
r + u + c + Dup,current
r + o,or
r + o + f,for
r + o + d,order
r + o + p,probably
r + o + RH_Thumb_1_Center,product
r + o + s,sorry
r + o + s + h,short
r + o + s + p,propose
r + o + n,nor
r + o + n + f,front
r + o + j + p,project
r + o + l,roll
r + o + l + b,rollback
r + o + l + Dup,roll
r + o + l + p,probable
r + o + l + y + p,properly
r + o + t,rotation
r + o + t + b,bother
r + o + t + f,forth
r + o + t + s,store
r + o + t + y + s,story
r + o + a,rotation
r + o + a + p,probable
r + o + a + n + h,another
r + o + a + l + p,properly
r + o + w,work
r + o + w + Dup,worry
r + o + w + f,forward
r + o + w + d,word
r + o + w + p,problem
r + o + w + n,wrong
r + o + w + l + d,world
r + o + w + t + h,worth
r + o + w + a,workaround
r + o + g,grow
r + o + g + f,forget
r + o + g + p,program
r + o + g + a + p,program
r + o + LeftDoubleClick,grow
r + o + k + w,work
r + o + v + p,provide
r + o + m,more
r + o + m + Dup,room
r + o + m + f,from
r + o + m + d,charachorder
r + o + m + p,promise
r + o + m + s + h,shortcut
r + o + m + n,morning
r + o + m + l + p,problem
r + o + m + t + h,mother
r + o + m + a + n,normal
r + o + m + c + s + Dup,correspond
r + o + c,recommend
r + o + c + Dup,correct
r + o + c + f,force
r + o + c + d,charachorder
r + o + c + h,chord
r + o + c + p,process
r + o + c + s,cross
r + o + c + s + h,shortcut
r + o + c + n,control
r + o + c + n + f,confirm
r + o + c + l + s,scroll
r + o + c + a + p,approach
r + o + u,our
r + o + u + f,four
r + o + u + RH_Thumb_1_Center,production
r + o + u + s,resource
r + o + u + y,your
r + o + u + n + f,unfortunately
r + o + u + t,route
r + o + u + a,around
r + o + u + a + n,around
r + o + u + a + n + d,around
r + o + u + g,group
r + o + u + g + p,group
r + o + u + g + t + h,through
r + o + u + c + t + n,country
r + o + u + c + t + n + y,country
r + o + o + m + p,improve
r + i + b,bring
r + i + f,fire
r + i + d,directory
r + i + p,print
r + i + s + f,first
r + i + n + f,infrastructure
r + i + n + d,indirectly
r + i + n + p,principle
r + i + j,jira
r + i + l + b,brilliant
r + i + t,tricky
r + i + t + d + f,third
r + i + t + h,their
r + i + t + s + f,first
r + i + a,air
r + i + a + d + f,third
r + i + a + p,particular
r + i + a + t,train
r + i + w + t,write
r + i + g + f,forgive
r + i + g + h,right
r + i + g + l,girl
r + i + g + t,trigger
r + i + g + t + h,right
r + i + v,river
r + i + v + Dup,river
r + i + v + p,private
r + i + m,remind
r + i + m + p,impressive
r + i + m + s + p,impressive
r + i + m + l + h,children
r + i + m + t + n + p,important
r + i + m + a + l,email
r + i + m + c + Dup,receive
r + i + c,critical
r + i + c + d,directly
r + i + c + p,principle
r + i + c + s,script
r + i + c + n,incredible
r + i + c + l + h,children
r + i + c + a + Dup,accident
r + i + c + a + p,approch
r + e + b,rebase
r + e + q,request
r + e + Dup,error
r + e + x,expression
r + e + f,free
r + e + f + f,perfect
r + e + d,dream
r + e + h,her
r + e + p,pretty
r + e + p + f,perfect
r + e + s,reason
r + e + s + Dup,reset
r + e + s + f,refresh
r + e + s + p,press
r + e + n + s + p,present
r + e + l + p,reply
r + e + t,terraform
r + e + t + Dup,tree
r + e + t + h,three
r + e + t + h + Dup,three
r + e + t + s,rest
r + e + t + n,entry
r + e + t + l,letter
r + e + a,real
r + e + a + d,read
r + e + a + h,hear
r + e + a + p,appreciate
r + e + a + s,search
r + e + a + s + d,address
r + e + a + y + d,ready
r + e + a + n,near
r + e + a + l,relate
r + e + a + l + y,early
r + e + a + l + y + Dup,really
r + e + a + t + f,after
r + e + a + t + h,three
r + e + a + t + RH_Thumb_1_Center,father
r + e + a + t + l,learn
r + e + w,were
r + e + w + Dup,were
r + e + w + h,where
r + e + w + a + n + s,answer
r + e + w + a + t,water
r + e + g,regard
r + e + g + Dup,regret
r + e + g + h,here
r + e + g + t,greet
r + e + g + a,german
r + e + g + a + l,large
r + e + g + a + t,great
r + e + v,version
r + e + v + s,service
r + e + v + y,very
r + e + v + y + Dup,every
r + e + v + n,never
r + e + m,remove
r + e + m + Dup,remember
r + e + m + p,permutation
r + e + m + s + p,permission
r + e + m + t,metric
r + e + m + a,remain
r + e + m + a + t,material
r + e + c,create
r + e + c + Dup,receive
r + e + c + h,reach
r + e + c + p,percent
r + e + c + s,secret
r + e + c + n + Dup,recent
r + e + c + t,certain
r + e + c + a,care
r + e + c + a + h,reach
r + e + c + a + y,crazy
r + e + c + a + l,recall
r + e + u + s,resume
r + e + u + n + d,under
r + e + u + m + n + b,number
r + e + o + f,foreign
r + e + o + f + b,before
r + e + o + p,reproduce
r + e + o + s + p,person
r + e + o + t + h,other
r + e + o + g + p,progress
r + e + o + g + t + h,together
r + e + o + v,over
r + e + o + m,more
r + e + o + m + t + h,mother
r + e + o + c,recommend
r + e + i + f,friend
r + e + i + d,direction
r + e + i + l + p,prelive
r + e + i + t + h,their
r + e + i + t + n,internet
r + e + i + t + n + Dup,interest
r + e + i + t + n + f + f,different
r + e + i + a,earn
r + e + i + a + l,realize
r + e + i + v,river
r + e + i + m + p,permission
r + e + i + c + s,precise
r + e + i + c + s + p,precious
r + e + i + c + l + d + f,children
r + e + i + c + t,certificate
r + e + i + u + c + t + p,picture