c + b + a,back
e + b + a,beautiful
e + c + a,accept
e + c + b,because
e + d + a,dear
e + d + c + a,deactivate
f + c + a,fact
f + d + a,had
f + e + a,after
f + e + b,before
f + e + c + a,face
f + e + d + a,head
f + f + e,define
f + f + e + a,feedback
g + b + a, bad
g + d + a,add
g + e + a,executable
g + e + b,be
g + e + d,define
g + e + d + a,data
g + f + a,affect
g + f + e,effective
g + f + e + a,feature
h + c + a,chat
h + e + a,head
h + e + c,check
h + e + c + a,each
h + f + a,happen
h + f + e,phenomenon
h + g + ',huge
h + g + a,game
h + g + e,here
h + g + e + a,hear
i + b + a,ability
i + c + a,accident
i + d + a,diagonal
i + d + c,cider
i + e + c,ice
i + e + d,idea
i + e + d + a,derive
i + f + a,fair
i + f + c,confident
i + f + d,difference
i + f + e,field
i + f + f,different
i + f + f + c,difference
i + f + f + e,definition
i + g + b,big
i + g + d,did
i + g + e,weight
i + g + e + b,begin
i + g + f,if
i + h + c,china
i + h + c + a,achieve
i + h + g,high
j + d + a,adjust
k + b + a,back
k + c + b + a,back
k + e + b,keyboard
k + e + c,ck
k + f + a,fake
k + i + b,bike
k + i + d,diffferent
k + i + f + c,difference
k + k + a,machine
k + k + e + a,emacs
k + k + i + f,comfortable
l + b + a,able
l + c + a,call
l + c + b + a,black
l + d + a,land
l + e + a,least
l + e + b,believe
l + e + b + a,lable
l + e + c,clean
l + e + c + a,clear
l + e + d,delete
l + e + d + a,lead
l + e + d + a + ',deal
l + f + a,fall
l + f + c + a,lack
l + f + e,feel
l + g + a,glad
l + g + b + a,balancer
l + g + e,legal
l + g + e + a,alternative
l + g + f,life
l + g + f + a,flag
l + h + a,half
l + h + e,help
l + h + e + a,health
l + h + f + e,help
l + h + g + e,hell
l + i + a,align
l + i + b,library
l + i + c,click
l + i + d + a,dialog
l + i + e,eligable
l + i + e + d,deliberate
l + i + f,file
l + i + f + a,fail
l + i + f + e,life
l + i + f + f,definetely
l + i + h + g,light
l + k + b + a,backlog
l + k + c + a,lack
l + k + h,hal
l + k + i,like
l + k + i + e,like
m + b + a,ambitious
m + c + a,machine
m + d + a,administrator
m + e + a,emacs
m + e + b,be
m + e + b + a,behaviour
m + e + d + a,made
m + f + a,make
m + f + e + a,make
m + g + a,game
m + i + a,migration
m + i + d,middle
m + i + e + a,email
m + i + f + a,family
m + i + h,him
m + l + a,almost
m + l + b + a,lambda
m + l + e,deployment
m + l + e + a,email
m + l + e + b,behind
m + l + i,mile
m + l + i + a,mail
m + l + i + c,collision
m + l + i + e,mile
m + l + i + e + a,email
n + a + ',any
n + b + a,anybody
n + b + a + ',anybody
n + c + a,can
n + d + a,and
n + d + c + a,dance
n + e + a,name
n + e + a + ',anything
n + e + b,been
n + e + c,necessary
n + e + c + a,encryption
n + e + d,end
n + f + a,afternoon
n + f + d + a,hand
n + g + a,an
n + g + a + ',anyway
n + g + e,general
n + g + e + a,managementt
n + g + e + b,benefit
n + g + e + b + a,began
n + g + f,find
n + h + a,hand
n + h + a + ',anyhow
n + h + c + a,change
n + h + e + a,name
n + h + e + c,chentry
n + h + e + c + a,chance
n + h + g + a,hang
n + h + g + e + a,german
n + i + a,naive
n + i + b,binding
n + i + c,incident
n + i + d,indeed
n + i + d + c,directory
n + i + e,neither
n + i + e + c,nice
n + i + e + d,independent
n + i + f,inform
n + i + f + a,finally
n + i + f + c,find
n + i + f + e,fine
n + i + f + f,find
n + i + g + a,again
n + i + g + d,indirectly
n + i + g + e,english
n + i + g + e + b,begin
n + i + g + f,finger
n + i + h,hint
n + i + h + c,niche
n + i + h + g,night
n + k + b + a,bank
n + k + i + d,kind
n + l + a,language
n + l + d + a,land
n + l + e,enlarge
n + l + g,long
n + l + g + e,english
n + l + h + e + c + a,channel
n + l + i,linux
n + l + i + e,line
n + l + i + f,filename
n + l + k + i,link
n + m + a,man
n + m + a + ',many
n + m + b + a,management
n + m + e,men
n + m + e + a,mean
n + m + i,minibuffer
n + m + i + a,animal
n + m + i + d,mind
n + m + i + e + d,dimension
n + m + i + h,imho
n + m + l + i + a,another
n + n + e,enjoy
o + b + ',body
o + b + a,above
o + c + a,account
o + d + a,adopter
o + d + c,code
o + d + c + a,domain
o + e + c,come
o + e + c + b,become
o + e + d + c,codedeploy
o + f + c,focus
o + f + e,offense
o + f + f,food
o + g + a,ago
o + g + b,box
o + g + d,do
o + g + e + b,debounce
o + g + f,of
o + g + f + e,offer
o + h + c,choice
o + h + c + a,command
o + h + e + c,checkout
o + h + f,hope
o + h + g,oh
o + j + b,job
o + j + e + b,object
o + k + a,okay
o + k + b,book
o + k + b + a,background
o + k + c,icon
o + k + d + c,docker
o + k + k,communication
o + k + k + b,combination
o + k + k + e,come
o + k + k + f,comfortable
o + l + a,allow
o + l + b,bold
o + l + c,cool
o + l + c + a,local
o + l + c + b,block
o + l + d,old
o + l + d + a,load
o + l + d + c,cold
o + l + e + b,below
o + l + e + c,collect
o + l + f,flow
o + l + f + c,fold
o + l + f + f,folder
o + l + g,log
o + l + g + a,goal
o + l + g + d,gold
o + l + g + d + a,dalio
o + l + g + f,follow
o + l + h,hold
o + l + h + e,hello
o + l + h + g + e,hello
o + l + k,look
o + l + k + d,cold
o + m + b,mobile
o + m + c,combination
o + m + d,doom
o + m + d + a,domain
o + m + e,move
o + m + e + d,mode
o + m + h,home
o + m + h + e,home
o + m + l + a,almost
o + m + l + e + d,model
o + n + ',only
o + n + a,anyone
o + n + a + ',anyone
o + n + b,nobody
o + n + c,connect
o + n + d,don't
o + n + e,one
o + n + e + a,aonnother
o + n + e + c,encounter
o + n + e + c + a,encouragement
o + n + e + c + b,object
o + n + e + d,done
o + n + f,font
o + n + f + c,configure
o + n + g,no
o + n + g + b,noob
o + n + g + e,gone
o + n + h,honest
o + n + h + a,another
o + n + h + c + a,channel
o + n + k,know
o + n + k + f + c,configuration
o + n + l,online
o + n + l + c,clone
o + n + l + f + c,confluence
o + n + l + g,long
o + n + l + g + a,along
o + n + l + k,knowledge
o + n + m,month
o + n + m + a,anymore
o + n + m + a + ',anymore
o + n + m + d,monday
o + n + m + e,money
o + n + m + e + d,dimension
o + o + d + c,codebuild
o + o + f,official
o + o + g,regard
o + o + j,join
o + o + l,logic
o + o + l + c,collision
o + o + l + g,logic
o + o + l + k,collision
o + o + n + c,notice
o + o + n + f,information
o + o + n + m,monitor
o + o + n + m + d,mind
p + c + a,package
p + e + a,paper
p + e + c,expect
p + e + c + a,pace
p + g + a,gap
p + g + e + a,page
p + i + c,picture
p + i + c + a,capital
p + i + g,give
p + i + g + a,parameter
p + i + g + e,give
p + k + c + a,package
p + k + e,keep
p + k + i,pkill
p + l + a,plan
p + l + c + a,place
p + l + e,please
p + l + e + c + a,place
p + l + g,people
p + l + g + a,apply
p + l + i,please
p + l + i + a,application
p + l + i + c + a,application
p + l + i + g + a,application
p + m + a,map
p + m + e + a,aepermission
p + m + i,import
p + m + i + a,impatient
p + m + l + e + a,template
p + m + l + i,implement
p + n + a,plan
p + n + e,pen
p + n + i,input
p + n + i + g,ping
p + n + l,plant
p + n + l + a,plan
p + n + m + i,important
p + o,opinion
p + o + a,appointment
p + o + c,cope
p + o + e,open
p + o + g,poor
p + o + g + a,appointment
p + o + l,political
p + o + l + a,apologize
p + o + l + e,people
p + o + l + g,apologize
p + o + m,import
p + o + m + e,move
p + o + m + l,complain
p + o + m + l + e,complete
p + o + n + e,open
p + o + n + e + c,concept
p + o + o,opinion
q + e + a,equal
q + o + n + c,conquer
r + b + a,bar
r + c + a,care
r + d + a,ready
r + e + a,real
r + e + b,rebase
r + e + c,create
r + e + c + a,care
r + e + d,dream
r + e + d + a,read
r + f + a,far
r + f + d + a,hard
r + f + e,free
r + f + e + a,fear
r + f + f + e,perfect
r + g + a,argument
r + g + d + a,data
r + g + e,regret
r + g + e + a,german
r + g + e + d + a,regards
r + g + f + a,fargate
r + g + f + e,refer
r + h + a,hard
r + h + c,chrome
r + h + c + a,character
r + h + e,her
r + h + e + a,hear
r + h + e + c,reach
r + h + e + c + a,reach
r + h + g + e,here
r + i + a,air
r + i + b,bring
r + i + b + a,brain
r + i + c,critical
r + i + c + a,accident
r + i + d,direct
r + i + d + c,directly
r + i + e + a,earn
r + i + e + c,receive
r + i + e + d,directory
r + i + f,fire
r + i + f + c,friday
r + i + f + d + a,third
r + i + f + e,friend
r + i + g,rig
r + i + g + d,dired
r + i + g + f,forgive
r + i + g + f + a,afraid
r + i + h + c,rich
r + i + h + g,right
r + j + i,jira
r + l + a,already
r + l + b + a,label
r + l + c + a,clarify
r + l + d + a,already
r + l + e,relate
r + l + e + a,relate
r + l + e + c + a,recall
r + l + g + a,large
r + l + g + e,regularly
r + l + g + e + a,large
r + l + h,half
r + l + h + c,children
r + l + i + b,brilliant
r + l + i + d,directly
r + l + i + e + a,realize
r + l + i + f + e + d + c,children
r + l + i + g,girl
r + l + i + h + c,children
r + m + a,mark
r + m + e,remember
r + m + e + a,remain
r + m + f,form
r + m + f + a,frame
r + m + i,mirror
r + m + i + c,receive
r + m + l + i + a,email
r + m + l + i + h,children
r + n + a,random
r + n + b + a,branch
r + n + c,recent
r + n + c + b + a,brand
r + n + e,rename
r + n + e + a,near
r + n + e + c,recent
r + n + g + a,grant
r + n + i + c,incredible
r + n + i + c + a,increase
r + n + i + d,indirectly
r + n + i + f,infrastructure
r + o + a,rotation
r + o + b,browser
r + o + c,correct
r + o + d,order
r + o + d + c,charachorder
r + o + e + c,recommend
r + o + e + d,directory
r + o + f,for
r + o + f + c,rock
r + o + f + e,foreign
r + o + f + e + b,before
r + o + g,org
r + o + g + a,organisation
r + o + g + b,grow
r + o + g + f,forget
r + o + h + c,chord
r + o + l,roll
r + o + l + b,rollback
r + o + l + c,correctly
r + o + l + e,role
r + o + l + e + a,reload
r + o + l + g + a,algorithm
r + o + m,more
r + o + m + d,dropbox
r + o + m + e,more
r + o + m + f,from
r + o + m + f + a,format
r + o + n,nor
r + o + n + c,cron
r + o + n + f,front
r + o + n + f + c,confirm
r + o + n + h + a,another
r + o + n + h + c + a,configuration
r + o + n + m,morning
r + o + n + m + a,normal
r + p + a,part
r + p + c + a,practice
r + p + e,repository
r + p + e + a,appreciate
r + p + e + c,percent
r + p + f + e,perfect
r + p + g,GRP
r + p + g + a,parameter
r + p + g + e,prepare
r + p + g + e + a,parallel
r + p + i,print
r + p + i + a,particular
r + p + i + c,principle
r + p + i + c + a,approch
r + p + l + e,reply
r + p + l + e + a,replace
r + p + l + i + e,prelive
r + p + m + a,parameter
r + p + m + e,permutation
r + p + m + e + a,permanent
r + p + m + i,impressive
r + p + m + i + e,permission
r + p + m + l + i,impression
r + p + n + a,partner
r + p + n + i,principle
r + p + n + m + i,improve
r + p + o,probably
r + p + o + a,probable
r + p + o + c,process
r + p + o + c + a,approach
r + p + o + e,reproduce
r + p + o + g,progress
r + p + o + g + a,program
r + p + o + g + e,progress
r + p + o + g + e + a,approve
r + p + o + j,project
r + p + o + l,probable
r + p + o + l + a,properly
r + p + o + m,promise
r + p + o + m + l,problem
r + p + o + o + m,improve
r + p + o + o + m + e,improve
r + q + c + a,crazy
r + q + e,request
s + a + ',as
s + b + a,absolute
s + c + a,case
s + d + a,daily
s + e + a,easy
s + e + b + a,base
s + e + c,second
s + e + c + a,cautious
s + e + d,describe
s + f + a,fast
s + f + e + a,fast
s + f + e + d + c,schedule
s + g + a,as
s + g + e,speed
s + g + e + a,easiest
s + h + a,has
s + h + e,she
s + h + e + c,schema
s + i + a,assign
s + i + b + a,basic
s + i + c,sick
s + i + d,side
s + i + d + a,said
s + i + d + c,discussion
s + i + e,session
s + i + e + d,side
s + i + e + d + a,disease
s + i + f + d,dishonest
s + i + g,sign
s + i + g + a,assignment
s + i + g + d + a,disagree
s + i + g + e + d,design
s + i + h,his
s + i + h + e,hesitate
s + i + h + g,sight
s + k + a,ask
s + k + e + d,desk
s + k + i,skip
s + k + i + d,disk
s + k + i + h,shift
s + l + a,last
s + l + c + a,scale
s + l + e,less
s + l + e + a,easily
s + l + e + c,select
s + l + g,lsSpace-al
s + l + g + e,sell
s + l + h + a,shall
s + l + h + e,shell
s + l + i,list
s + m + ',symbol
s + m + a,small
s + m + e,message
s + m + e + a,same
s + m + e + d + a,emacs
s + m + i,miss
s + m + i + a,search
s + m + l + a,small
s + n + ',syntax
s + n + a,answer
s + n + c + ',sync
s + n + e,seen
s + n + e + d,send
s + n + g + e,sense
s + n + i,instead
s + n + i + a,install
s + n + i + c,since
s + n + i + d + c,discord
s + n + i + e,insert
s + n + i + f,finish
s + n + i + g,single
s + o + c,socket
s + o + e,session
s + o + e + d,does
s + o + f,software
s + o + h,short
s + o + j,json
s + o + l,lost
s + o + l + a,also
s + o + l + c,close
s + o + l + e,lose
s + o + l + e + c,close
s + o + l + g,logs
s + o + l + h + c,school
s + o + l + h + g,wholesome
s + o + m,some
s + o + m + e,some
s + o + m + e + b,somebody
s + o + m + e + d,someday
s + o + m + h + e,somehow
s + o + m + l + a,almost
s + o + n,soon
s + o + n + c,console
s + o + n + e + d + c,second
s + o + n + g,song
s + o + n + m + e,someone
s + o + o + c,discover
s + o + o + d + c,discord
s + o + o + n + c,consist
s + p + a,past
s + p + c + a,space
s + p + e,speak
s + p + e + a,paste
s + p + e + c,special
s + p + e + c + a,escape
s + p + g + a,pass
s + p + g + e,especially
s + p + i + a,aspire
s + p + i + e + c,specific
s + p + l,spell
s + p + l + e,spell
s + p + l + i,lisp
s + p + l + i + e + c,especially
s + p + m + i,impossible
s + p + m + l + i,simple
s + p + n + e,spend
s + p + n + i,inspire
s + p + o,ops
s + p + o + e,pose
s + p + o + e + a,person
s + p + o + g,possible
s + p + o + g + a,password
s + p + o + n,post
s + p + o + o,possible
s + q + e,question
s + q + g,sqs
s + r + a,reason
s + r + b + a,abstraction
s + r + c,screen
s + r + c + a,search
s + r + d,rds
s + r + e,reset
s + r + e + a,search
s + r + e + c,secret
s + r + e + d + a,address
s + r + f,fast
s + r + f + e,refresh
s + r + g + a,reason
s + r + g + d + a,address
s + r + h + a,share
s + r + i + c,script
s + r + i + e + c,precise
s + r + i + f,first
s + r + k + a,task
s + r + m + a,smart
s + r + o,sorry
s + r + o + c,cross
s + r + o + e,resource
s + r + o + e + c,resource
s + r + o + h,short
s + r + o + h + c,shortcut
s + r + o + l + c,scroll
s + r + o + m + c,correspond
s + r + o + m + h,shortcut
s + r + p,sprint
s + r + p + a,press
s + r + p + e,press
s + r + p + i + e + c,precious
s + r + p + m + e,permission
s + r + p + m + i,impressive
s + r + p + n + e,present
s + r + p + o,propose
s + r + p + o + a,person
s + r + p + o + e,person
s + r + p + o + g,propose
s + r + p + o + g + e,progress
s + r + p + o + n + e,response
t + b + a,table
t + c + a,catalog
t + c + b + a,batch
t + d + a,data
t + e + a,eat
t + e + a + a,eat
t + e + b,between
t + e + c,etc.
t + e + c + a,category
t + e + d,determine
t + e + d + a,detail
t + f + e,feet
t + f + e + a,feature
t + f + e + c + a,affect
t + g + a,gateway
t + g + e,get
t + g + e + b,better
t + h + a,hate
t + h + e,the
t + h + e + c,technical
t + h + g,that
t + h + g + e,there
t + i + a,active
t + i + b,bit
t + i + c,ticket
t + i + c + a,tactic
t + i + e,item
t + i + f,fit
t + i + f + f,definetely
t + i + g,git
t + i + g + b,bitbucket
t + i + h,hit
t + i + h + e,either
t + k + e,take
t + k + e + a,take
t + l + a,last
t + l + e,let
t + l + e + a,alternative
t + l + e + d,deletion
t + l + f,left
t + l + f + e,left
t + l + g + e,letter
t + l + i + e,little
t + l + i + f,filter
t + l + i + h + g,light
t + l + k,talk
t + l + k + a,talk
t + m + a,matter
t + m + e,meet
t + m + e + a,team
t + m + h + a,math
t + m + h + e,them
t + m + i,vital
t + m + i + e,time
t + m + i + h,might
t + m + i + h + g,might
t + m + l + i,timeline
t + n + a,natural
t + n + e,ten
t + n + e + a,neat
t + n + e + c,center
t + n + e + d,tend
t + n + f + a,fantastic
t + n + h,than
t + n + h + a,than
t + n + h + e,then
t + n + i,into
t + n + i + e,intention
t + n + i + e + c,notice
t + n + i + e + d,intend
t + n + i + f + f,filter
t + n + i + h + g,thing
t + n + k + h,thank
t + n + k + i + h,think
t + n + k + k + e,mention
t + n + m,month
t + n + m + e,mention
t + o + a,totally
t + o + b,both
t + o + c,octobre
t + o + d,today
t + o + e + b,bother
t + o + e + c + a,category
t + o + f,often
t + o + f + e,often
t + o + g,got
t + o + g + d,todo
t + o + h,other
t + o + h + e,hotel
t + o + h + g + e,together
t + o + k,took
t + o + l,lot
t + o + l + d,told
t + o + l + g,tool
t + o + m,tomorrow
t + o + m + e,money
t + o + m + h + e,method
t + o + n,not
t + o + n + c,continue
t + o + n + d,don't
t + o + n + e,note
t + o + n + e + c,content
t + o + n + f,often
t + o + n + f + e,often
t + o + n + h,nothing
t + o + o + c + a,action
t + o + o + n,tonight
t + p + a,path
t + p + e,pretend
t + p + e + a,pattern
t + p + i + c,topic
t + p + m + e,tempted
t + p + m + l + e,template
t + p + n,plant
t + p + n + l + a,plant
t + p + o,option
t + p + o + l,topic
t + p + o + n,point
t + p + o + o,topic
t + p + o + o + c,topic
t + p + o + o + m,optimal
t + p + o + o + n,point
t + q + i + e,quite
t + r + a,translate
t + r + b,better
t + r + c,recent
t + r + c + a,track
t + r + e,tree
t + r + e + a,father
t + r + e + c,certain
t + r + f,father
t + r + f + a,traffic
t + r + f + e + a,after
t + r + g,great
t + r + g + a,target
t + r + g + d,reach
t + r + g + e,greet
t + r + g + e + a,great
t + r + g + f,free
t + r + h,that
t + r + h + a,rather
t + r + h + c,reach
t + r + h + e,three
t + r + h + e + a,three
t + r + h + g,that
t + r + i,tricky
t + r + i + a,train
t + r + i + e + c,certificate
t + r + i + f + d,third
t + r + i + g,trigger
t + r + i + h,their
t + r + i + h + e,their
t + r + i + h + g,right
t + r + l,relevant
t + r + l + e,letter
t + r + l + e + a,learn
t + r + l + i,reliable
t + r + l + i + a,trail
t + r + m,remember
t + r + m + e,metric
t + r + m + e + a,material
t + r + m + i,terminal
t + r + m + l,remind
t + r + n + a,train
t + r + n + e,entry
t + r + n + h,than
t + r + n + i + e,interest
t + r + n + i + f + f + e,different
t + r + n + i + g + e,integrate
t + r + n + k + h,thank
t + r + o,rotation
t + r + o + b,bother
t + r + o + c,core
t + r + o + f,forth
t + r + o + f + c,force
t + r + o + g,totally
t + r + o + g + b,reboot
t + r + o + h + c,recommend
t + r + o + h + e,other
t + r + o + h + g + e,together
t + r + o + m,more
t + r + o + m + h,mother
t + r + o + m + h + e,mother
t + r + o + n + c,control
t + r + o + n + c + b,contribute
t + r + p,pretty
t + r + p + a,portal
t + r + p + c,precedence
t + r + p + g,grep
t + r + p + g + a,apart
t + r + p + k,prefer
t + r + p + l,prelive
t + r + p + n + m + i,important
t + r + p + o,port
t + r + p + o + g,report
t + r + p + o + l + g,properly
t + r + q,request
t + s + ',stay
t + s + a,status
t + s + b,stable
t + s + c + a,stackoverflow
t + s + d + a,database
t + s + e,set
t + s + e + a,state
t + s + e + b,best
t + s + e + d,destroy
t + s + f,fast
t + s + f + e,fast
t + s + g,stage
t + s + g + a,status
t + s + g + e,test
t + s + h + e,these
t + s + i,still
t + s + i + c,stick
t + s + i + d,distribute
t + s + i + e,setting
t + s + i + g,sing
t + s + i + h,this
t + s + k,task
t + s + k + a,task
t + s + l + a,last
t + s + l + i,still
t + s + m + a,master
t + s + m + e,steam
t + s + m + i,mistake
t + s + n + a,standard
t + s + n + e,sent
t + s + n + e + c,sentence
t + s + n + i,instance
t + s + n + i + c,instance
t + s + n + i + e,install
t + s + o,stop
t + s + o + h,host
t + s + o + h + e,those
t + s + o + m,most
t + s + o + m + e,sometime
t + s + o + m + h + e,something
t + s + o + m + l + a,almost
t + s + o + n + c,constant
t + s + o + n + m + h + g + e,something
t + s + o + o + n + c,consist
t + s + p,spot
t + s + p + e,step
t + s + p + o,stop
t + s + p + o + g,post
t + s + p + o + o,position
t + s + r,start
t + s + r + ',stay
t + s + r + a,start
t + s + r + c,stackoverflow
t + s + r + e,rest
t + s + r + g,stage
t + s + r + i,string
t + s + r + i + f,first
t + s + r + k,task
t + s + r + n,standard
t + s + r + n + g,strange
t + s + r + n + i,install
t + s + r + o,store
t + s + r + o + n,reason
t + s + r + p,press
u + c + a,cause
u + c + b,bucket
u + d + a,audio
u + e + d,due
u + f + a,fault
u + f + b,buffer
u + f + c,fuck
u + g,ubuntu
u + g + ',upgrade
u + g + b,bug
u + g + e,guess
u + i + b,build
u + i + g + f,figure
u + j + d,judge
u + j + g,just
u + k + b,buffer
u + k + k + h,much
u + l + a,last
u + l + c,cluster
u + l + c + a,launch
u + l + d,dull
u + l + f,full
u + l + f + e,fluent
u + l + g + a + ',language
u + l + i + d,duplicate
u + l + i + g,guile
u + l + i + g + a,language
u + m + d,much
u + m + e,emulator
u + m + h,much
u + m + h + a,human
u + m + i,minute
u + m + i + h,minute
u + m + j,jump
u + m + l,multiple
u + n + b,unblock
u + n + e + c,encourage
u + n + e + d,under
u + n + f,fun
u + n + f + c,function
u + n + g,gnu
u + n + g + b,ubuntu
u + n + g + f,funny
u + n + i + d,indulge
u + n + l + a,natural
u + n + m,number
u + n + m + a,manual
u + n + m + e,menu
u + n + m + i,minute
u + o + b + a,about
u + o + c,course
u + o + d,doubt
u + o + d + c,document
u + o + d + c + a,documentation
u + o + e + d + c,module
u + o + f,four
u + o + f + c,focus
u + o + h,hour
u + o + j,journey
u + o + l + a,also
u + o + l + c,cloud
u + o + l + c + a,clojure
u + o + l + c + b,cloudwatch
u + o + l + d,cloud
u + o + l + d + c,could
u + o + l + e + d + c,codebuild
u + o + l + f + c,cloudfront
u + o + l + g + a,language
u + o + l + g + a + ',language
u + o + m,mount
u + o + m + d,module
u + o + n + a + ',anyone
u + o + n + c,count
u + o + n + e,enough
u + o + n + e + c,encourage
u + o + n + f,found
u + o + n + f + c,confuse
u + o + n + f + f,found
u + o + n + h + g + e,enough
u + o + n + m + a,anymore
u + p + c,cpu
u + p + g,up
u + p + l,pull
u + p + l + a,plausible
u + p + l + g,plugin
u + p + m + i,impulse
u + p + n,upon
u + p + o + l,upload
u + q + a,quality
u + q + e,query
u + q + g + e,queue
u + q + i,quite
u + q + k,quick
u + q + k + i,quick
u + q + k + i + c,quick
u + r + a,aurora
u + r + c,current
u + r + d,during
u + r + f,further
u + r + g,urgent
u + r + h,hour
u + r + l,rule
u + r + n,run
u + r + n + e + d,under
u + r + n + m + e + b,number
u + r + o,our
u + r + o + a,around
u + r + o + f,four
u + r + o + g,group
u + r + o + n,production
u + r + o + n + a,around
u + r + o + n + d + a,around
u + r + o + n + f,unfortunately
u + r + p,purpose
u + r + p + g,upgrade
u + r + p + o + g,group
u + s + b,usb
u + s + c,successful
u + s + c + a,cause
u + s + d,sudo
u + s + e,use
u + s + e + c,security
u + s + e + c + b + a,because
u + s + g,suggest
u + s + h,shut
u + s + h + c,such
u + s + i + b,business
u + s + i + d + c,discussion
u + s + i + g,suggestion
u + s + j,just
u + s + m,muscle
u + s + m + e + a,measure
u + s + m + i,simular
u + s + n,sun
u + s + n + b,subnet
u + s + n + d,sunday
u + s + n + e + d,understand
u + s + n + k,sunk
u + s + o,source
u + s + o + h,should
u + s + o + h + e,house
u + s + o + l,solution
u + s + o + l + f + d,should
u + s + o + l + h,should
u + s + o + l + h + c,cloudshell
u + s + o + m,mouse
u + s + o + n,sound
u + s + o + n + c,consult
u + s + o + n + d,sound
u + s + p,support
u + s + p + e,superior
u + s + p + g,suppose
u + s + p + l,plus
u + s + p + m,push
u + s + p + o,suppose
u + s + q + e,question
u + s + r,sure
u + s + r + a,resource
u + s + r + c,cursor
u + s + r + e,resume
u + s + r + f,surf
u + s + r + n,unsure
u + s + r + o,resource
u + s + r + p,spurring
u + t + a,automatically
u + t + b,but
u + t + c,cut
u + t + e + b,button
u + t + f,future
u + t + g + b,button
u + t + h,thumb
u + t + i + b,bitbucket
u + t + l,ultra
u + t + m + h,thumb
u + t + n,until
u + t + n + c,country
u + t + n + i,intuitive
u + t + n + l + i,until
u + t + o,out
u + t + o + a,auto
u + t + o + b,button
u + t + o + b + a,about
u + t + o + c,touch
u + t + o + d + c,documentation
u + t + o + h,though
u + t + o + h + g,thought
u + t + o + l,outlook
u + t + o + l + c,cloudtrail
u + t + o + n + m,mountain
u + t + o + o + n + m + a,mountain
u + t + p,put
u + t + p + o,output
u + t + q + e,quite
u + t + q + i + e,quite
u + t + r,truth
u + t + r + h,hurt
u + t + r + n,turn
u + t + r + o,route
u + t + r + o + b,trouble
u + t + r + o + h + g,through
u + t + r + o + n + c,country
u + t + r + p + i + e + c,picture
u + t + s,stuff
u + t + s + c,stuck
u + t + s + d,study
u + t + s + e,setup
u + t + s + g,sustainable
u + t + s + h + c,shutdown
u + t + s + j,just
u + t + s + m,must
u + t + s + o + c,custom
u + t + s + r,trust
u + t + s + r + c,structure
u + t + s + r + f,frustrate
u + u + i + b,build
u + u + i + g,gui
u + u + m + i + h + f,impulse
u + u + q + i,quit
u + u + q + k + i,quick
u + u + t + s + q + n + i + e,question
v + d + a,advantage
v + e + a,average
v + e + d,developer
v + h + a,happy
v + h + e + a,have
v + i + a,via
v + i + d,video
v + i + d + a,advise
v + i + e,evil
v + k + i,vim
v + l + a,value
v + l + e,level
v + l + e + a,leave
v + l + e + d,development
v + l + i,live
v + l + i + a,valid
v + l + i + e,live
v + n + a,vanilla
v + n + e,even
v + n + h + e + a,happen
v + n + i,invite
v + n + i + e,environment
v + o + a,avoid
v + o + b + a,above
v + o + e,over
v + o + e + b + a,above
v + o + h,hope
v + o + k,move
v + o + k + e,move
v + o + l,love
v + o + l + e,evolution
v + o + l + e + b,belove
v + o + n,involve
v + r + a,variable
v + r + b + a,brave
v + r + e,version
v + r + i,river
v + r + i + e,river
v + r + k,ever
v + r + l,later
v + r + n,never
v + r + n + e,never
v + r + o + d,dropbox
v + r + o + e,over
v + r + p + e,previous
v + r + p + i,private
v + r + p + o,provide
v + s + a,save
v + s + e + a,save
v + s + i + d + a,disadvantage
v + s + i + e + a,version
v + s + n + i + e,investigate
v + s + o + l,solve
v + s + r + e,service
v + t + i,vital
v + u + d,update
v + u + l + e + a,evaluate
v + u + o + l,volume
w + e + a,were
w + e + b,web
w + f + a,afterwards
w + f + e,few
w + f + e + a,weak
w + h + a,what
w + h + e,whether
w + i + a,wait
w + i + e,weight
w + i + e + a,weird
w + i + f,wife
w + i + h,which
w + k + e,week
w + l + a,always
w + l + e,well
w + l + e + d,welcome
w + l + f + a,walk
w + l + i,will
w + l + i + h,while
w + l + i + h + e,while
w + l + k + a,walk
w + n + a,want
w + n + a + ',anyway
w + n + d,window
w + n + e,new
w + n + h,who
w + n + h + a,anywhere
w + n + h + e,when
w + n + i,win
w + n + i + d,wind
w + o + h,how
w + o + h + e,however
w + o + l,low
w + o + l + d,cold
w + o + l + e + b,below
w + o + l + f,follow
w + o + l + h,whole
w + o + n,now
w + o + n + a,woman
w + o + n + d,down
w + o + n + e + d,wonder
w + o + n + h,nowhere
w + o + n + k,know
w + o + n + l + f,download
w + o + o + n + d,window
w + p + o,power
w + r + a,warn
w + r + d + a,drawback
w + r + e,were
w + r + h,where
w + r + h + a,hardware
w + r + h + e,where
w + r + o,work
w + r + o + a,workaround
w + r + o + d,word
w + r + o + f,forward
w + r + o + k,work
w + r + o + l + d,world
w + r + o + n,wrong
w + r + p + o,problem
w + s + a,was
w + s + e,sew
w + s + e + a,awesome
w + s + e + b,webserver
w + s + i,switch
w + s + i + d + a,disable
w + s + i + h,wish
w + s + o + h,show
w + s + o + h + e,somewhere
w + s + o + l,slow
w + s + p + a,password
w + s + r + n + a,answer
w + s + r + n + e + a,answer
w + s + r + o,worse
w + t + a,watch
w + t + b,btw
w + t + d + a,database
w + t + e,get
w + t + e + b,between
w + t + f + e,freeze
w + t + h,watch
w + t + h + a,watch
w + t + h + e,whether
w + t + i,wait
w + t + i + h,with
w + t + i + h + e,white
w + t + l + i + h,within
w + t + n,went
w + t + n + a,want
w + t + n + e,went
w + t + n + e + b,between
w + t + n + i + h,without
w + t + o,two
w + t + o + h,otherwise
w + t + o + n + d,downtime
w + t + o + n + e,network
w + t + r,water
w + t + r + e + a,water
w + t + r + i,write
w + t + r + n + i,written
w + t + r + o,worth
w + t + r + o + h,worth
w + t + s + a,waste
w + t + s + g + a,stage
w + u + o + d,double
w + u + o + l + d,would
w + u + p,public
w + u + p + l,publish
w + u + t + i + h,without
w + u + t + o + o + h,without
x + e + a,exactly
x + e + c,except
x + e + c + a,exchange
x + g + e,execute
x + g + e + a,exercise
x + i + e,exist
x + i + e + c,excite
x + i + g + e,execution
x + k + i,fix
x + l + e,explore
x + l + e + a,explain
x + l + e + c,exceptions
x + l + e + c + a,exception
x + m + a,maximum
x + m + e + a,example
x + m + i,mix
x + n + a + ',anybody
x + n + b + a + ',anybody
x + n + e,expensive
x + n + e + b + a,enable
x + o + e,export
x + p + m + l + e + a,example
x + r + e,expression
x + r + g,exerise
x + r + g + e,exercise
x + r + n + i + b + a,brain
x + s + i + b + a + ',basically
x + t + e,text
x + t + g + e,external
x + t + i + e,exit
x + t + l + g + e,execution
x + t + n + e,next
x + t + n + e + c,nextcloud
x + t + n + g + e,extension
x + t + o + n + e + c,context
x + t + r,tax
x + t + s + i,exist
x + u + i + g,guix
x + v + e,explain
x + v + t + e,expert
x + w + e,exwm
y + b + a,baby
y + d + a,day
y + e + a,year
y + g + b,by
y + g + f + e + a,father
y + h + e,hey
y + h + e + a,yeah
y + h + f,hypothesis
y + h + f + a,happy
y + h + g + a,ah
y + k + e,key
y + k + e + b,keyboard
y + l + a,lay
y + l + d + a,daily
y + l + e,yellow
y + l + e + a,early
y + l + e + d,deny
y + l + e + d + a,delay
y + l + f,fly
y + l + i + e,listen
y + m + a,may
y + m + b + a,maybe
y + m + e,myself
y + m + i,similar
y + m + l + i,mail
y + n + a,any
y + n + d,dynamo
y + n + i + e,enjoy
y + n + l + d,dynamo
y + n + l + e + d,deny
y + n + m + a,many
y + o + b,boy
y + o + g + f,off
y + o + l,only
y + o + l + a,layout
y + o + n + l,only
y + p + a,pay
y + p + e,yep
y + p + e + a,hype
y + p + l + a,play
y + p + l + i + e + c,especially
y + p + o + c,copy
y + q + l + k,quickly
y + r + a,ray
y + r + c + a,carry
y + r + e + c + a,crazy
y + r + e + d + a,ready
y + r + i + g + f + a,friday
y + r + l + a,really
y + r + l + e,rely
y + r + l + e + a,really
y + r + n + e + c,encryption
y + r + p + a,party
y + r + p + g + a,aparove
y + r + p + o + g + a,approach
y + r + p + o + l,properly
y + s + a,say
y + s + e,yesterday
y + s + e + a,easy
y + s + m,myself
y + s + n,sync
y + s + o,sync
y + s + p + n + e,present
y + t + d,dynamo
y + t + e,yet
y + t + h + e,they
y + t + i + c,city
y + t + l + i + e,itself
y + t + o + h + e,theory
y + t + p,type
y + t + p + e,type
y + t + p + m,python
y + t + p + o,typo
y + t + r,try
y + t + s + r + o,story
y + u + b,buy
y + u + e,yes
y + u + g,guy
y + u + g + b,buggy
y + u + m,yum
y + u + m + l,multiply
y + u + o,you
y + u + o + n + g,young
y + u + q + l + k,quickly
y + u + q + l + k + i,quickly
y + u + q + l + k + i + c,quickly
y + u + r + o,your
y + u + t + o,youtube
y + u + t + r + o + n + c,country
y + v + e,very
y + v + e + b,everybody
y + v + h,hypothesis
y + v + h + e + a,heavy
y + v + o + e,everyone
y + v + r,very
y + v + r + e,every
y + v + t + e,everything
y + w + a,way
y + w + h,why
y + w + l + a,always
y + w + o + h,who
y + w + r + a,away
y + w + s + l + a,always
z + l + a,lazy
z + s + i,size
z + t + r + f,freeze
SHIFT + SHIFT + h + c,Characoder
DUP + c + a,actually
DUP + e + a,at
DUP + e + c + a,certain
DUP + g + a,again
DUP + i + c + a,accidently
DUP + i + e + c,icecat
DUP + l + a,all
DUP + l + e,element
DUP + l + e + a,learn
DUP + l + i,linux
DUP + m + a,am
DUP + m + e,me
DUP + m + e + a,eteam
DUP + m + i,might
DUP + m + i + a,image
DUP + m + i + e + a,magit
DUP + m + l + i + a,magical
DUP + n + a,announce
DUP + n + a + ',anything
DUP + n + c + a,cannot
DUP + n + e,need
DUP + n + g + e,generation
DUP + n + i,in
DUP + n + i + a,inaccurate
DUP + n + i + c,incline
DUP + n + i + e,enjoy
DUP + n + m + a,manage
DUP + o + c + a,account
DUP + o + e + a,error
DUP + o + g,go
DUP + o + l,long
DUP + o + l + a,along
DUP + o + l + c,collision
DUP + o + l + g,google
DUP + o + l + k,knowledge
DUP + o + n,on
DUP + o + n + c,concentrate
DUP + o + n + e,none
DUP + o + n + e + c,concept
DUP + r + a,are
DUP + r + g + a,rare
DUP + r + l,learn
DUP + r + l + a,alarm
DUP + r + m + a,attribute
DUP + r + o,or
DUP + r + o + a,error
DUP + r + o + m,room
DUP + s + ',system
DUP + s + a,assume
DUP + s + e,see
DUP + s + e + a,search
DUP + s + e + c + a,access
DUP + s + g + e,session
DUP + s + i,is
DUP + s + l + e,else
DUP + s + m + a,master
DUP + s + m + e,seem
DUP + s + m + e + a,message
DUP + s + n + i,insight
DUP + s + o,so
DUP + s + o + l,loss
DUP + s + r + c,screenshot
DUP + t + e,the
DUP + t + i,it
DUP + t + l + e,tell
DUP + t + l + g + e,letter
DUP + t + l + i,title
DUP + t + m + e,team
DUP + t + n + e,enter
DUP + t + n + i + e,interface
DUP + t + o,to
DUP + t + o + g,too
DUP + t + o + l,total
DUP + t + o + n,notice
DUP + t + o + n + c,container
DUP + t + r,reason
DUP + t + r + c,tactic
DUP + t + r + g,regard
DUP + t + r + k,take
DUP + t + r + o,root
DUP + t + s + e,test
DUP + t + s + n + e,sentence
DUP + t + s + r,restart
DUP + t + s + r + g,stastically
DUP + t + s + r + n,reason
DUP + u + l + e + a,realease
DUP + u + o + l + a,language
DUP + u + o + n + c,clojure
DUP + u + s,us
DUP + u + t + r,true
DUP + u + t + s + r,status
DUP + v + e,every
DUP + v + n + e,event
DUP + v + s,vs
DUP + v + t + n + i + e,interval
DUP + w + e,we
DUP + w + e + a,were
DUP + w + n + e,newest
DUP + w + r + o + a,arrow
DUP + w + s + a,aws
DUP + w + t,without
DUP + y + e,yes
DUP + y + m,my
DUP + y + o + l + c,collide
DUP + y + r,your
DUP + y + t + e,too
DUP + y + t + o,too
DUP + y + u + r + o,yourself
3D + o + f,comfortable
3D + r + a,market
3D + r + p + e,repository
3D + w + n + d,window
3D + g + e + a,executable
3D + o + g,god
3D + u + g,ubuntu
3D + e + a,head
3D + g + a,adapt
3D + h + e + a,head
3D + l + e,deploy
3D + m + l + e,deployment
3D + o + g,good
3D + r + o,product
3D + s + g + e,speed
3D + s + i,shift
3D + u,update
3D + u + g + ',upgrade
3D + u + s,push
3D + w + o,who
3D + p + o,opinion